x,y,p
-98996.0135659227,87375.5497794139,1.539
-95559.2839176069,54621.3040875847,1.509
-93674.6313912838,15484.9780969851,1.619
-93207.5453530805,46824.3803050878,1.507
-92663.5704101667,18755.1864038886,1.509
-91680.9812289011,35525.3711194512,1.511
-91213.6947008091,35796.1202038178,1.512
-91163.0314846293,28399.7291019263,1.499
-89705.8885797551,11954.3995856487,1.537
-89319.0685559564,12194.8446033821,1.589
-88571.1598722975,52817.3920806826,1.529
-88070.1637268864,30022.128584952,1.543
-87717.9864890911,29640.0485372292,1.543
-87633.7609314441,30499.1388750972,1.543
-87268.0429850802,102891.478895055,1.559
-86810.7620264095,44701.0104799899,1.569
-86681.5510396163,64741.1951103873,1.519
-86444.5422050309,64811.8396240478,1.509
-86383.8785459887,65668.9872341997,1.519
-86361.9733151221,64149.6962573727,1.506
-86296.4495764317,65312.3751950164,1.519
-86146.2678819352,29199.1286860414,1.469
-86112.0354861117,69118.6789756463,1.506
-86102.0368011255,64912.4060797149,1.501
-86026.4758253082,67278.8957027274,1.507
-85764.235662956,44725.714223741,1.569
-85738.6038081377,65007.3834399123,1.506
-85516.5473596117,32735.028603492,1.559
-85411.2677008986,31310.0646559228,1.559
-85356.4933372642,38635.2342045587,1.54
-85305.237445984,88288.9315973191,1.519
-85278.2029799378,45823.7333577442,1.54
-85094.5057657775,86030.9452966491,1.519
-84821.0395907382,62550.8598977394,1.504
-84767.0723821457,29998.1331435484,1.543
-84651.1217318056,37074.8292028583,1.559
-84612.1945917424,28329.6356113153,1.543
-84500.8137776305,32439.9821880413,1.543
-84491.1176015304,76354.01089036,1.499
-84481.6549346399,-15126.2830347414,1.579
-84373.5824931064,-15267.7715321755,1.579
-84330.4021130397,1789.25367621385,1.599
-84308.8059829272,32796.863165868,1.559
-84233.0472924311,-5591.27151240711,1.559
-84190.2566295557,68044.242559696,1.499
-84185.1522899083,57899.5839425612,1.519
-83908.5429272139,28544.2549629228,1.548
-83894.2327088593,28680.3671908834,1.544
-83710.4501152749,73627.3407169214,1.499
-83661.8788583371,69245.7500329386,1.493
-83369.4699122631,27769.3295753654,1.569
-83133.424481315,52458.5574902712,1.569
-83120.2974544467,70340.6506493149,1.497
-83063.7452179781,65895.442423703,1.493
-82892.7276215586,67319.9949624959,1.493
-82859.8174626597,90411.5248115842,1.498
-82828.615883904,83390.6088060429,1.559
-82825.6988467618,67469.0720203582,1.493
-82791.4707558292,70344.3757318228,1.493
-82778.7377205516,-20835.867489732,1.549
-82572.9909204903,64283.3622247497,1.498
-82330.8720609791,76374.9583108485,1.498
-81668.1788687009,32339.8279552954,1.544
-81601.4432583817,63714.5486013251,1.494
-81123.2980830296,65967.2287219664,1.489
-81103.8828186527,63410.7420070032,1.494
-80800.6319579041,34254.0850649714,1.544
-80620.680126421,55484.1670107946,1.523
-80192.6039732919,-34703.1993247366,1.559
-80129.3067807044,89175.7978725825,1.529
-79772.973751141,89884.6651502626,1.524
-79699.2234092525,89513.3604526137,1.509
-79674.3142413426,90056.100032335,1.504
-79459.5245516801,-34322.6739747604,1.54
-79399.4656406011,90556.691274591,1.519
-79328.4564777239,-34447.4114538174,1.559
-78496.4036940312,39508.8706187577,1.544
-78451.9975333026,154409.22444131,1.465
-77603.2404768817,93812.7475450129,1.519
-77466.6179827269,17441.6915082329,1.547
-76698.1647182792,51518.735596053,1.529
-75908.9660965874,98254.7263527162,1.524
-75753.6552858959,137403.647237937,1.529
-75405.9117456756,16639.9655144486,1.547
-75172.2974651559,97593.3886439024,1.514
-74367.830226537,108128.312934549,1.539
-73921.1109526539,-14675.1582828243,1.577
-73727.1817964718,49691.6624662256,1.535
-73657.0021865224,49439.8975890226,1.52
-73572.5925730102,49287.0409447768,1.551
-73242.0768044237,25489.0135560919,1.549
-73217.2876951687,48739.6097659257,1.523
-73145.0543265024,48761.4525888917,1.533
-73062.8735817756,166789.72036507,1.459
-72566.9598186297,49038.728698089,1.522
-72432.0791363496,138201.769476539,1.505
-72327.4368698601,53780.49847638,1.518
-72000.1087468882,139582.446502868,1.495
-71742.1697636648,-24600.2289288804,1.579
-71693.7340953891,163046.368913519,1.465
-71676.6979320855,160842.535023486,1.479
-71570.7912868246,168394.932098062,1.459
-70664.3500096622,-76320.6180294809,1.619
-70619.5268696747,-75494.3332274265,1.629
-70608.6619943586,177295.063533555,1.459
-70587.1946397852,82422.7493624419,1.519
-70502.6514573396,82454.265663173,1.503
-70488.291167326,-15627.1542474285,1.579
-70211.2223303114,152217.62805722,1.479
-69592.4558264915,104653.991924216,1.524
-69559.3472630728,164271.90256125,1.469
-69260.380712342,68355.1815386196,1.544
-69108.4255028311,69816.4351180756,1.544
-69005.913786821,144812.581703681,1.492
-68957.220576635,69166.6507303649,1.545
-68509.4982287228,70636.3668353798,1.549
-68366.9163671592,146110.295414515,1.492
-68007.1014887908,134016.264236299,1.504
-67969.4389880438,146826.491726386,1.479
-67869.226036044,181768.359009187,1.475
-67716.8812855628,152285.021108014,1.479
-67418.7893080125,165850.718805104,1.459
-67189.7655262908,6278.81260417675,1.584
-67027.5717494521,136230.317921353,1.505
-66803.7489254319,5363.06061159319,1.538
-66702.0098215742,5013.17202515679,1.533
-66230.8652584387,4453.76545976195,1.538
-66215.5727482105,4385.33783795196,1.569
-66185.7917270886,4285.27691677876,1.533
-65414.1708528004,18626.5896451642,1.533
-65405.5123799012,19705.1714027213,1.569
-65307.2244743655,17971.6996272933,1.544
-65203.8561540415,3005.50031148054,1.549
-64630.067533031,72519.6594398915,1.499
-64588.2259026328,2453.00822597771,1.545
-63587.1814946213,26584.0791231503,1.583
-63572.1485090361,159215.103673621,1.489
-63437.4404668179,4415.11011330347,1.563
-63381.3222767541,4491.06135839794,1.578
-63300.6296867236,183197.663349099,1.475
-63200.0566234681,31119.395626845,1.554
-63128.6564315132,160599.317743806,1.489
-62644.5279474509,176223.245455917,1.498
-62494.1805714836,176077.872468859,1.459
-62357.2866202564,160641.445217782,1.492
-62256.9549684647,160833.169455999,1.499
-62123.9869507535,-48547.0919817428,1.589
-62071.0808082676,-52277.6597175902,1.59
-61977.9944602752,-49103.7242106097,1.579
-61959.4467350607,-53059.4421798805,1.599
-61884.1997745361,172373.073463367,1.459
-61842.2583580206,134711.339913945,1.497
-61776.5686789695,-50428.756786342,1.585
-61708.2048799916,-51615.9753085444,1.59
-61705.6586067228,-50975.0044678769,1.584
-61687.1932666833,-51040.8895579482,1.599
-61610.4050430383,-53285.709398129,1.59
-61589.9982680799,-3725.5145842472,1.549
-61580.019701284,182947.606963319,1.495
-61460.3803153738,135424.776136017,1.503
-61292.9828858403,153319.155545925,1.479
-61287.682540825,159963.079054193,1.492
-61259.6120021574,136153.943831693,1.503
-61230.1983850689,-5985.90307026193,1.579
-61229.5260803188,105827.979522026,1.524
-60669.9537893322,142310.216699536,1.499
-60652.8508728025,82860.1044491007,1.503
-60330.7358155501,136217.137749858,1.504
-59290.9270880749,105869.302992925,1.531
-59283.9610348311,54514.9022878787,1.539
-59201.4964805746,146929.823441318,1.499
-59074.785941374,106082.502866875,1.519
-58503.5659919989,157461.001747955,1.494
-58334.7215152974,-42781.9279225998,1.559
-58260.1668057736,-42819.4818328434,1.569
-57738.3850999711,158996.026746261,1.492
-57714.4197778258,106782.512461412,1.521
-57689.8110412974,168172.89124627,1.531
-57403.1596718717,77189.0079985515,1.529
-57280.684401331,157031.863591555,1.492
-57240.3239400419,149239.909368205,1.499
-56563.2027134896,158847.903537546,1.494
-55735.8795892306,80274.1027978162,1.529
-55683.768844845,-224705.189403408,1.619
-55617.7655556941,-14093.1681896255,1.524
-55066.09142885,177051.098331757,1.479
-54897.5210801523,75193.8977816821,1.569
-54581.0723730788,162169.438731875,1.538
-54329.5942854991,186698.184297725,1.504
-54286.6382133205,67285.1990532534,1.569
-53802.7117165151,5895.30927868449,1.583
-53505.237467449,6036.76226228883,1.603
-53229.7392328805,156113.960865815,1.492
-53138.4054066529,180218.022431581,1.513
-52671.2862971409,138290.005837079,1.502
-52008.3828210349,-85185.40314313,1.624
-51632.0510685192,-41266.1924826489,1.569
-50833.6303238893,-224985.94752701,1.619
-50779.7656394587,-18663.242770556,1.549
-50648.9666331433,149065.845196037,1.497
-50333.4360034867,-19704.6925761355,1.549
-50059.8544512521,-66798.3812457336,1.599
-49190.3764952152,137084.639667132,1.498
-48635.264484125,4299.56422335753,1.565
-48291.589241071,168359.715804313,1.539
-48247.1671073685,104004.998295877,1.524
-47799.5526543044,73275.2778644242,1.529
-47678.2573394329,72845.563301206,1.529
-47667.8093154368,168450.030626899,1.539
-47516.0981023623,12472.4607241594,1.609
-47365.451551939,141999.172150126,1.507
-46222.5477242126,204273.72190363,1.499
-46150.4552038366,204825.971523944,1.519
-46076.8617213072,205196.761707656,1.508
-45462.5911839886,71575.9652917802,1.529
-45440.5873909425,186801.80741918,1.499
-45438.0618191345,186954.124350885,1.498
-45410.7597638657,186643.835244593,1.483
-45315.1564634988,144576.503917943,1.504
-45223.2188537762,183954.272914035,1.493
-45170.590671411,144419.685856357,1.498
-44956.8126245763,184962.177052573,1.493
-44947.7390891375,194592.176377249,1.512
-44813.4554081784,58345.1446648437,1.599
-44514.3026304161,-185989.207595023,1.689
-44389.7726981824,189972.061044529,1.494
-44383.5621565327,-223813.30703111,1.657
-44358.8898902444,148609.59656178,1.498
-44186.1604133149,150917.28236844,1.504
-44079.7215709138,152661.069733093,1.489
-43897.5279569018,-69064.5671251724,1.589
-43628.6541655681,181714.794137224,1.493
-43197.3447737104,177555.800510582,1.526
-43132.8089569722,-185689.923987924,1.688
-42809.2028010123,172483.128118188,1.528
-42620.6632919625,160641.014375101,1.519
-42541.3931185771,184535.061741914,1.499
-42510.9009757504,-75141.2313385385,1.609
-42169.739220587,133723.943338747,1.504
-41860.9889510605,98811.39879096,1.519
-41552.0880728316,152232.357545689,1.478
-40915.8327946545,138384.768465226,1.499
-40563.9490470671,-147884.480752382,1.729
-39771.6249834292,148975.070794322,1.489
-39547.7804769584,114348.336879685,1.51
-39476.4840151257,-147847.514677706,1.729
-39211.3246665866,153607.171676319,1.504
-38957.2603172773,121788.530392775,1.478
-38123.0695946887,-149128.288276337,1.739
-38018.1628875831,148025.034235079,1.493
-37779.5409703053,148005.114506429,1.484
-37753.4309000118,207597.827257597,1.519
-37488.717668638,130456.502100646,1.484
-37447.6869725151,155114.468958831,1.498
-37173.7493210724,148625.966736803,1.488
-36966.4667086923,185135.545324395,1.539
-36821.4633774053,-239824.810539167,1.609
-36805.2867200072,-149659.500973429,1.754
-36482.4494479633,129600.225815804,1.484
-36465.8636733792,-149602.188398944,1.649
-36023.5321381757,154562.564117923,1.489
-35933.7495276284,154520.630748211,1.494
-35924.4931616728,156990.22973756,1.498
-35867.6727061881,147547.823442411,1.492
-35840.8810579965,-263012.681083497,1.609
-35749.0791069128,-205321.99832492,1.657
-35736.3555360075,133736.852226297,1.504
-35601.5434483794,127052.232828293,1.489
-35401.4028389517,127907.081889368,1.478
-35367.4976894725,149110.383778726,1.488
-35331.7563322094,154024.96704598,1.484
-35325.4240009405,197839.444221722,1.498
-35254.8955258728,200573.995278624,1.519
-35226.2011903173,145549.190004955,1.498
-34999.9197768331,174187.259165772,1.529
-34981.2932973728,74221.5953692719,1.559
-34734.0666290972,123524.839329858,1.484
-34695.4420221467,124496.429311431,1.499
-34654.0544403579,150008.329961397,1.494
-34214.6280573739,149472.069818176,1.498
-34124.9226642707,94174.9471735749,1.532
-33989.7867532923,149620.556815417,1.498
-33944.5562793851,181353.927779569,1.539
-33904.7671854675,200250.590767592,1.498
-33755.7932461731,65462.8580010728,1.529
-33691.5563939093,73777.4356093475,1.539
-33623.1187950282,127369.186072728,1.504
-33572.4399216551,162345.610525289,1.519
-33553.4862263922,38714.6493638855,1.557
-33446.0593146927,217626.807816389,1.519
-33434.4770871559,199578.746273154,1.497
-33340.7263042025,154102.111797905,1.484
-33184.0392633211,-212546.355164998,1.619
-33166.1438586907,224548.547246846,1.509
-33009.106656946,198723.008867417,1.498
-32896.9045748835,198526.442120318,1.498
-32562.4142067276,16902.0854197866,1.719
-32481.9893653179,13895.1238412649,1.719
-32390.0857858325,199278.115735751,1.508
-32343.865568948,13727.2456920225,1.719
-32151.8281091306,154733.562979166,1.493
-32110.6724302865,199474.928176942,1.498
-31810.5251680129,-233240.125873781,1.583
-31181.3963451092,48984.9219032171,1.524
-30775.036264274,-150823.412254182,1.729
-30648.7795174009,148305.01433419,1.494
-30516.0890964043,-24304.5243033758,1.569
-30509.4090415147,56056.5349228097,1.551
-30470.7949339748,149528.506438127,1.494
-30407.1989185361,-150896.403348754,1.744
-30320.8706493762,173000.005200457,1.539
-30215.2136430237,187936.619466725,1.509
-30161.1855999981,53884.0377251293,1.579
-29864.0035852484,-226832.37925108,1.602
-29687.1969007787,184044.535639709,1.519
-29687.1520095423,153695.946317436,1.488
-29547.7220748541,149634.549504506,1.489
-29538.8578203867,187563.158511631,1.499
-29493.4751035841,159731.462415982,1.488
-29437.5192296251,-211400.597187081,1.659
-29328.8508980339,171524.343101471,1.549
-28954.8471926022,171525.923210843,1.539
-28783.6937407069,179513.934080968,1.519
-28686.7935911135,-162598.312543035,1.699
-28620.8690901164,17527.1639672786,1.699
-28469.9764978262,-268358.926222698,1.599
-28378.2072039205,-269380.770577105,1.609
-28332.117999162,26907.9391909176,1.719
-28280.2150984328,143638.380846757,1.489
-28210.44383071,26703.1746509724,1.699
-28141.7799566353,17543.0132788358,1.719
-28105.392371276,170481.531750773,1.532
-28002.200913774,26951.331597801,1.699
-27882.2177888548,170802.958228634,1.529
-27504.8757553278,97491.4601199856,1.52
-27480.8806566776,144534.788958251,1.489
-27054.5889759861,-151709.433194645,1.729
-26753.0885950324,163653.803219716,1.488
-26742.7140742887,-160465.630732089,1.669
-26639.6220604836,179021.957773864,1.497
-26631.1808851698,143301.182805883,1.495
-26611.6711760809,197639.326013394,1.499
-26360.6283141555,141769.995524921,1.495
-26252.1666970039,-271864.38530422,1.599
-25578.7183170431,-26209.695524555,1.558
-25568.1989717412,214001.405009032,1.519
-25516.9806636648,72874.0753735086,1.527
-25497.9296703637,72541.0302169374,1.554
-25376.1375404525,72931.2555926981,1.522
-25153.2372351614,-191533.88638371,1.649
-25118.3889364965,157020.779247323,1.539
-24594.3950329051,-223453.65587951,1.585
-24485.5946236567,187336.1847676,1.529
-24454.7087399328,-159201.650163267,1.649
-24420.6723392069,97104.2447640235,1.528
-24216.9526984543,-121559.042075027,1.639
-24048.8592128234,-128421.47127553,1.629
-24033.9619306658,-158791.684044639,1.649
-23949.9729880725,-261450.33647737,1.604
-23708.1968218226,213745.866286314,1.489
-23589.7213509942,-219061.613510111,1.584
-23566.8684573834,-241010.097498492,1.635
-23475.4146073728,175570.920620988,1.517
-23456.9857832993,91047.8674236539,1.527
-23400.8746828153,-158026.175000457,1.699
-23390.3865439017,90450.2686624066,1.522
-23371.6911171239,-26678.3891382348,1.569
-23324.1131939405,90383.822176765,1.539
-23056.2889204415,207429.245055089,1.519
-22940.3899845513,200855.642722687,1.512
-22687.4366112327,-217680.305664213,1.585
-22481.2007062705,87403.9351628902,1.527
-22415.995411929,167415.522569376,1.538
-22252.255498116,-217425.714911317,1.588
-22214.2902909251,-156809.614876668,1.669
-21983.4047580712,55180.8125517644,1.557
-21930.447931502,11367.8173413483,1.699
-21841.7178156756,86621.9410093926,1.522
-21834.6601129859,93126.0386094178,1.526
-21822.2907523554,161657.023857016,1.538
-21452.4635886953,194136.084376009,1.529
-21430.4359797111,-274347.175829755,1.599
-21276.9435039433,-206243.696999375,1.579
-21255.2795401111,205520.831512295,1.494
-20955.8575029072,178194.356155123,1.519
-20622.9420965693,-275424.186319263,1.569
-20622.3510277009,-192678.570477368,1.659
-20477.2248211129,96458.0328051671,1.534
-20453.8895519683,95480.4147919543,1.527
-20440.6776449963,205419.46299887,1.494
-20424.0784914027,97575.5693964713,1.527
-20186.5585721415,-276056.624572137,1.564
-20137.5232492937,99508.3939525525,1.537
-20108.6753061586,-275784.429553302,1.569
-20045.1589403939,62724.5234345879,1.529
-20030.7879496993,-275779.761282112,1.564
-20028.9361472898,-275474.812457614,1.609
-19369.7372779253,143439.76284784,1.499
-19290.6303609022,92762.6116619542,1.522
-19155.2619551334,165241.897418163,1.519
-19108.8303630359,-173845.559940167,1.619
-18929.2349159205,143374.63796693,1.504
-18903.0859384222,219703.442435076,1.494
-18792.8855849275,160122.17558987,1.535
-18672.3701556872,102660.404171739,1.522
-18655.1590847517,100859.604498238,1.518
-18652.4596100627,103134.810298931,1.527
-18592.4238485646,-277147.839336424,1.599
-18577.2937509784,103333.412631166,1.526
-18485.3255026884,179844.484532149,1.539
-18408.4299429381,-34910.4959280014,1.609
-18394.9839137572,211755.100713138,1.519
-18338.7254107427,84959.4385511943,1.527
-18221.2941297382,-96859.3091741218,1.497
-18153.2219091443,208325.51435351,1.489
-17823.1122995971,104030.899038269,1.549
-17809.7218201228,104989.823107874,1.536
-17765.5922685014,103194.760388179,1.549
-17729.3825365894,165603.415609148,1.524
-17505.5038520438,104173.628034103,1.549
-17364.3170550725,-194123.035955649,1.659
-17333.9884895799,-19270.3681514455,1.589
-17223.5153048227,-119035.748258925,1.644
-16934.4953217579,164788.582108878,1.549
-16857.1658105066,-106373.251773433,1.599
-16581.862258858,-118174.708353226,1.639
-16401.4852510333,-203965.407933211,1.574
-16075.1421976177,-18709.3822585032,1.589
-15901.6739689344,-119055.054499755,1.599
-15636.2713487766,-156855.659635832,1.619
-15568.3830395605,205156.806725583,1.489
-15550.2218403264,-205736.561753076,1.569
-15535.6883979726,171692.702463866,1.519
-15510.9241722856,185350.624052916,1.539
-15463.7424567628,-278346.057115997,1.569
-15455.3684427982,185412.516830745,1.522
-15381.7132927061,-164051.718113536,1.559
-14717.2029735746,-164938.864897419,1.649
-14686.3149931895,-279963.492287299,1.559
-14624.0818904409,-162127.12018453,1.579
-14610.7101613136,-204772.738159652,1.629
-14545.8339944342,-88885.2417024132,1.566
-14531.8751935009,-204832.016633689,1.629
-14508.7564101958,-162092.135443876,1.589
-14392.69095463,-156157.472633281,1.599
-14327.5294893409,-196794.392400164,1.629
-14160.5315145435,141488.138783164,1.518
-13956.273447095,-205693.252210882,1.579
-13734.7564683182,-151950.318303818,1.559
-13617.7234889786,192482.749191933,1.518
-13212.9797347261,-85102.8356590153,1.599
-13002.0851699306,-155411.405455623,1.579
-12990.8718550232,-277015.745216329,1.559
-12847.1227133325,-155486.406898754,1.579
-12827.7861354899,-84397.4047992693,1.619
-12748.3357700217,169914.89967055,1.522
-12744.0653029351,-156198.730115143,1.579
-12690.3997470611,78351.7741994484,1.533
-12623.0398166001,-161686.273923848,1.564
-12500.1230475672,-161053.868789284,1.549
-12150.8691248675,-154221.952270578,1.544
-12068.9579670447,-154692.431341629,1.549
-11925.9196898507,-152480.00168589,1.539
-11857.2430258308,-286244.449674271,1.552
-11829.5153293601,-165630.546573411,1.599
-11803.2237384891,216367.054744506,1.494
-11785.6314578386,-152099.102662531,1.544
-11700.3913568258,-47322.2563820308,1.569
-11552.8900400099,-154415.452172961,1.544
-11542.1221856076,-66420.2093283618,1.563
-11344.0007174065,-62719.8858868963,1.589
-11209.617126778,-167845.303140235,1.599
-11188.4354273544,215139.311163676,1.499
-11043.8753937174,-72626.4743625122,1.571
-11038.9931298522,-72475.4120539554,1.589
-11034.8058323371,-72761.874120962,1.566
-10995.6061044715,-149740.042194858,1.729
-10967.8618985071,153333.796201239,1.539
-10933.1043495326,-204098.958472019,1.579
-10894.7234586183,-70060.662818819,1.563
-10884.7460892287,-48689.116836921,1.563
-10807.3907414475,-41431.2126535265,1.589
-10807.3642032814,-166496.408614858,1.624
-10788.2072413025,-170215.422960615,1.629
-10707.1810587878,-152701.306627937,1.549
-10663.1013522297,-149058.732045366,1.564
-10539.7124581002,-152866.690182758,1.544
-10535.9962421689,-36681.7796720155,1.589
-10516.6980806562,-150932.291176096,1.549
-10498.7397140519,-148099.215349897,1.559
-10491.0390673598,-167435.06561782,1.594
-10466.121448356,-155231.817182794,1.549
-10412.0224435022,-147613.24480568,1.569
-10409.7454359809,-190291.508967078,1.619
-10376.8452491519,-190116.897663034,1.629
-10363.3888341789,-147478.723754843,1.564
-10297.6202497108,-153716.442868186,1.529
-10201.9718448296,-146768.935822651,1.599
-9863.58290530613,-154498.034243728,1.529
-9850.27591924212,-233208.439442654,1.569
-9841.32897812378,155655.429025352,1.519
-9781.60405962128,-118923.004135382,1.639
-9773.60017594171,189137.019099764,1.522
-9441.19078734104,-150491.037214393,1.549
-9385.39626432816,169424.612057278,1.549
-9374.91885210038,-28218.1346306467,1.549
-9189.76673254377,-140499.218726868,1.559
-9168.83639545849,-140187.212337024,1.569
-9137.76325775578,-142059.000836921,1.599
-9135.82723876729,225438.00395619,1.519
-9101.39565588278,190024.441144722,1.534
-9018.67110243766,-174654.139343577,1.629
-9004.61167398439,-119880.729208207,1.599
-8893.99612966069,-290756.099273583,1.556
-8830.793564372,-290712.078872615,1.549
-8800.60032470955,210662.653585977,1.512
-8551.44307395077,204392.38959371,1.494
-8528.63375861628,204386.5652064,1.519
-8526.00166837528,210319.433481794,1.499
-8500.33365518565,-140998.882148962,1.599
-8421.91465802048,193072.064517289,1.533
-8262.36773584672,190702.379840081,1.513
-8248.36866476916,190695.471534,1.513
-8226.68087798788,192676.832387901,1.508
-8087.06582149764,-182658.241142166,1.589
-8007.44513216923,191477.955021301,1.549
-7916.07144593721,191921.576157583,1.509
-7890.11434781505,-137178.604049766,1.569
-7474.47622152854,112544.528259694,1.489
-7470.39539026702,-23390.9715188729,1.579
-7254.92050842429,198702.843389297,1.494
-7220.68888477312,-179849.186520566,1.589
-7203.44132326893,-179972.333530473,1.589
-7074.11628828,-21144.8955142882,1.559
-6760.98322803044,-120016.129583485,1.629
-6749.72659523081,-49646.3535875888,1.568
-6593.97189997986,-288084.110890562,1.556
-6582.80648268946,-290249.160213235,1.559
-6499.09815504227,208153.203759906,1.494
-6407.72602731502,-291061.000022915,1.559
-6243.92894801125,159424.867126002,1.519
-6045.32745029544,-290761.104578425,1.554
-6017.9648548183,222404.159707962,1.499
-5901.4408295278,-19947.3553315372,1.547
-5746.39188967738,-177836.815162413,1.609
-5691.95326262439,207282.180734996,1.519
-5682.04565070651,-11386.0896352748,1.579
-5386.32418153598,-178321.931727551,1.619
-5295.33939784934,179197.649312553,1.549
-5216.25499404786,179999.659607195,1.559
-4889.77264607052,-19768.1087296842,1.549
-4847.38571982883,-170333.520920106,1.629
-4808.80970688938,169075.346681482,1.523
-4678.4363715924,-171018.315895461,1.629
-4394.70742399874,-170351.39681351,1.629
-4125.49456175568,-19564.9698613693,1.549
-3977.53752362076,-49311.1722010393,1.599
-3932.52629125724,-131952.048874059,1.599
-3908.56579802523,-19303.5530945017,1.559
-3637.05561018304,-198972.013091051,1.599
-3606.70380818273,-120895.266376554,1.629
-3595.34727634321,-170717.379290961,1.629
-3365.6282023809,-19313.3305282651,1.549
-3200.72596246901,191731.517460832,1.509
-2981.75916607131,-49381.6322837361,1.583
-2950.88038884045,-120987.398246232,1.624
-2937.84896942234,143221.390151246,1.504
-2808.50184374716,117562.763083171,1.519
-2807.09610319341,-5297.78440376715,1.599
-2793.46299367637,117497.239094469,1.469
-2646.20681685867,-287603.532748875,1.546
-2472.03300383291,-131777.483355973,1.539
-2093.44453131786,123226.485320884,1.488
-1837.93633067748,-130686.420464316,1.629
-1766.15409203555,203303.52306493,1.517
-1146.51031381678,-262707.963490566,1.629
-700.406656389066,-2772.65538879443,1.579
-625.50443643122,1491.7130115038,1.649
-488.041054972331,-2171.66781158058,1.549
-220.406067887903,123175.912282314,1.449
-111.47493982478,-218.720356952399,1.599
-101.640676501964,-110.043811250362,1.599
-96.3463860089541,123599.03872547,1.489
-52.2444695540471,-150.349844259385,1.599
55.8956811210373,122961.906954941,1.449
221.614929197589,-174335.045537173,1.614
277.741553345521,13768.36992736,1.539
304.495305541088,-172651.321968016,1.614
371.858008847747,15389.4347757446,1.514
402.061948133283,-61222.1834662854,1.633
492.277688324393,124469.235015819,1.498
536.166382370633,123437.538874326,1.484
692.011877842364,-126897.414465755,1.629
705.517634132411,124702.164022187,1.498
877.69813675253,18503.508920996,1.519
933.149703238916,197082.5702946,1.549
993.298658937099,18671.1825101448,1.519
999.619762053946,124751.517646827,1.484
1124.4007449589,18965.4075046541,1.524
1128.03834289993,201703.451545375,1.523
1179.28041373775,174360.293309445,1.549
1284.33267600182,-126722.449427834,1.629
1353.6542122956,-125881.782983149,1.629
1374.2262525477,210422.455001889,1.494
1501.01935782057,193827.522104312,1.524
1805.08719758067,-286700.733266866,1.546
1866.39640518092,9114.34070707887,1.569
1939.99713239697,167907.394553402,1.549
2074.57931037649,-17788.6799658239,1.559
2119.23092670907,119592.702694615,1.459
2124.39819192671,-165468.477672385,1.629
2166.50785756734,199213.18473343,1.518
2215.25513675512,104259.759231976,1.529
2269.74847436184,-123547.655043906,1.624
2324.1675974942,201689.164703816,1.518
2326.76423840347,-165177.567377895,1.629
2342.75755498849,-42200.8226353339,1.679
2707.754533839,-286283.631801308,1.546
2865.32222122519,-17748.3484789304,1.569
2905.81833180593,-124518.65768382,1.629
3082.62640793284,201277.11659953,1.518
3104.67287279875,-284637.812753016,1.546
3229.00035854138,26724.390171547,1.519
3556.87013999082,-218243.46489517,1.539
3678.84090669203,135870.106835181,1.498
3736.36035084649,15789.1464096659,1.519
3752.60158020456,136024.972128146,1.499
3859.71129179117,191741.266595278,1.559
3937.45808477915,-17890.36258936,1.579
4054.61100845272,191519.144961434,1.524
4057.38895666786,-45519.8149305371,1.669
4163.51046128437,-18030.8564075228,1.563
4181.71650481026,-118745.071409407,1.629
4187.44174005685,-285539.370955922,1.541
4414.29445229063,-46271.8283665481,1.679
4607.35580411251,-46109.4403045129,1.679
4718.80143088056,-46069.2907853316,1.679
4821.572998452,-268605.889847394,1.63
4946.74079372326,-45907.9655510227,1.679
4963.47762360179,98655.1143301984,1.539
4970.85247697786,182913.792895053,1.549
5145.92956292653,-194969.023827079,1.579
5202.00214159559,170866.909974333,1.529
5209.76805729046,-128351.7786351,1.558
5350.48092987627,137304.915401617,1.519
5380.45761077822,-191443.725661588,1.549
5562.47880785342,-282833.976731485,1.546
5684.6290463077,137203.331612674,1.494
5861.29001536395,137172.257280496,1.494
5937.2400676689,-52434.1415561583,1.669
6034.14956775057,-118747.795511858,1.569
6099.88832648989,-118637.19641285,1.589
6258.18626058189,211774.941754476,1.528
6263.80814599968,-118473.725933891,1.519
6471.94564342411,193794.894085193,1.527
6525.84640617995,-118603.35358157,1.519
6544.24487833463,-118264.604447045,1.559
6558.98086549563,-106379.407983128,1.593
6699.73097207025,34598.5799679772,1.519
6762.89824003546,-79533.1678836751,1.653
6867.72879469709,137058.060492862,1.499
6901.43689135177,175967.993489819,1.549
6951.24632563489,-92000.5313958946,1.649
7011.35366558674,33933.8582044783,1.539
7084.20185573772,-201409.838052279,1.564
7158.68926361704,223379.581958932,1.519
7257.23071112216,-280807.905671489,1.579
7292.08798426099,-280815.807577098,1.556
7298.61672180175,-85130.1932482609,1.599
7377.43594407453,-80102.9979816367,1.623
7496.53460692981,175384.044768554,1.539
7502.1633487767,-103032.879792729,1.609
7659.13096169877,-280453.099274183,1.557
7740.35391572351,-118348.64614747,1.549
7792.40652357956,-191154.789497317,1.549
7935.12558873766,198689.365257749,1.539
7960.00540383509,-18867.6845681709,1.578
8240.97189050948,196474.708029041,1.543
8267.94036225812,40077.3872472975,1.579
8444.03126542573,-280488.488197015,1.551
8519.50864234398,139265.788908214,1.465
8540.08378865389,139466.19909228,1.498
8673.83103310462,-19299.3999068942,1.589
8753.87390273041,165567.233398185,1.528
8838.17858505243,185661.148442424,1.539
8872.61451670132,-281523.737326364,1.579
9036.91609057807,-281898.253285012,1.574
9125.48644402332,-281984.341212136,1.579
9351.68234907539,140506.123534321,1.499
9494.50545568147,-211938.634236049,1.539
9581.73866047751,-110509.458868554,1.583
9790.77776557032,115889.406461651,1.459
9982.01696556964,196691.228320725,1.549
10424.0707865781,-111121.846347425,1.584
10546.2133280418,-68927.0408788503,1.639
10608.0039523012,-279903.76817111,1.556
10730.8757540348,-268257.667352763,1.609
10764.0455902165,-279989.114126237,1.579
10817.737986651,-106111.074767946,1.593
10845.9931207799,142159.590921024,1.498
10891.3474143174,154408.67161749,1.499
10952.7838421343,-279980.379753659,1.569
11024.9899304665,-69221.5127588726,1.633
11134.3859900067,143017.64658657,1.498
11136.0611493912,39891.4496386586,1.509
11260.0563163022,-105250.355746514,1.583
11284.8215924473,-98328.0839962785,1.603
11358.1708740251,223404.010714788,1.519
11360.955807972,-105099.499465595,1.599
11459.312849339,144017.971450188,1.519
11751.5359046146,-111476.528917211,1.584
12038.7806316618,-278664.401936612,1.58
12167.4227175232,-104024.322212368,1.581
12200.7163968568,77764.3109830222,1.578
12261.3005541608,-286208.557898854,1.614
12540.1666833353,-80256.689219343,1.628
12604.1691126952,-102640.561964701,1.594
12665.3491979454,-265947.318116075,1.564
12666.2141028695,-102833.467011873,1.594
12682.3436007031,146106.477160826,1.519
12984.0917842194,-273257.185250863,1.599
13059.9388863403,-95305.0136800956,1.604
13107.7260460425,-207939.430804674,1.549
13375.9091575759,-263649.231960637,1.554
13441.9052614715,-103213.874475973,1.588
13528.3340373257,-205162.119586918,1.569
13605.1337540973,-278725.672744569,1.579
13727.6947258051,239483.504730986,1.489
13854.670560667,-205651.137637572,1.539
14018.7960893345,-104498.149435161,1.583
14570.9444463051,-287047.730002257,1.639
15004.3631668944,-94614.8288137857,1.569
15084.090758773,-77991.9973838064,1.629
15403.8236145917,-90554.9208533669,1.619
15651.5072349476,-218111.457785937,1.544
15703.4891626809,-205857.159190601,1.569
15712.3470511316,-77604.0505986545,1.639
15799.2325721094,-77523.2825046083,1.629
15907.6736774818,-77510.1937855475,1.639
16037.8194376969,150802.460504457,1.549
16064.6344570075,213029.499041432,1.498
16248.4780091259,-221162.839772707,1.569
16475.6536658962,-284291.132855265,1.629
16537.6273118974,-76530.2607962528,1.639
16572.6303790888,133770.690506396,1.529
16598.0511889585,213565.796588011,1.518
16682.2668935011,-279249.106767763,1.679
16800.9223348274,-280343.30287226,1.639
16999.1062540042,-131410.25828351,1.589
17144.5418049641,-102390.449481569,1.578
17157.0051256348,-76239.6615808456,1.639
17294.2905005781,230306.932065061,1.479
17540.7247096407,-282503.746932728,1.639
17784.2644232234,-75615.7719121978,1.629
17823.6164733642,-282452.660803461,1.624
17918.0925754257,-264106.344109495,1.559
18209.4917319501,221453.89228395,1.489
18250.0394699223,-280121.578021627,1.639
18310.7627830279,154775.626600081,1.499
18322.5946489189,229615.756166893,1.479
18322.8729305537,-225647.920251091,1.549
18413.6253941081,14624.089592516,1.579
18536.887805897,-101739.666038543,1.568
18612.4216165941,-280181.611610607,1.679
18664.725736504,134365.578720843,1.519
18931.9951428,228361.880829795,1.479
19100.6256489951,-273366.354820298,1.569
19387.8236327746,35148.7506649707,1.519
19420.1581023767,111998.184286082,1.519
19499.7406767456,60137.4447580264,1.589
19517.7124682657,-132814.617499906,1.563
19527.1162990446,59419.1942103861,1.569
19600.005568325,156885.306150338,1.574
19621.4817584932,60530.3492314349,1.554
19750.444219752,59772.3255438444,1.553
19878.5790294348,-8506.17954416125,1.619
19895.2371482895,-8669.52704543137,1.592
19978.5129387695,59307.1137292292,1.604
20118.4701185107,-271731.883100736,1.569
20468.9556173867,58297.1327130792,1.553
20483.7088126582,-98063.6840072758,1.568
20532.5027052326,-97609.6696874998,1.579
20589.6702394048,-97633.8555363331,1.569
20633.7382253923,56907.8072571826,1.553
20924.9908045094,203224.576297056,1.539
21074.8461132506,-56660.3310856592,1.569
21360.2230356962,5837.39716230641,1.594
21387.2506087689,224166.995782528,1.499
21423.1855698024,-97476.425855778,1.568
21490.0517801819,-97480.4539364621,1.568
21543.019562115,-210373.651450636,1.569
21639.1047635572,-209365.572453306,1.569
21925.8655548401,-96655.3414233048,1.569
22166.0497352221,-56899.5994725398,1.609
22229.0988326182,75362.5735557153,1.599
22372.1216300068,-65343.7441408797,1.634
22408.8896766598,763.800176612393,1.549
22454.4407776024,-279490.773082643,1.639
22638.1294719306,-279605.774704964,1.639
22728.7700510414,-20939.233230956,1.639
22758.3615506587,-97127.7398173569,1.564
23379.2085441906,-99379.8052364239,1.578
23675.0077752964,198840.324763562,1.569
23715.5330120403,224026.405591618,1.479
24237.7279049112,24709.199649233,1.569
24794.5212684899,165839.198639975,1.574
25143.0508268668,23481.9780912579,1.559
25615.5096383917,223497.854543196,1.499
26151.3473882636,166272.173001481,1.599
26324.6148864335,14390.9216019147,1.589
26624.5094826793,170225.006271133,1.569
26988.2499130927,167349.720914176,1.584
27627.3855152542,231909.862087749,1.489
27651.4588652238,206120.201251915,1.539
27674.7953806077,234932.288003206,1.489
27841.6409534854,-23751.0746373585,1.592
27955.259212849,172413.623342347,1.574
28815.3096648054,188759.714909575,1.559
29185.2977393928,11933.1797355411,1.567
29373.8945503957,-78836.8207464785,1.579
29585.3834030307,200915.698023097,1.569
29620.7245958229,-85680.5077332442,1.599
29667.0044112518,-94445.4301998767,1.569
30746.4724053324,98561.4615425143,1.519
30890.3102638429,-78177.325337075,1.589
30906.009497924,-77246.1874770219,1.589
31836.6393301247,94743.0711245722,1.514
31901.894730757,115138.888447593,1.524
32494.3769090993,-26246.4107052442,1.629
32624.706484312,200671.378277481,1.555
32779.800945021,-26548.8397857151,1.598
32903.0490691043,-90062.3816691202,1.559
33039.9672279189,-26311.2268403889,1.597
33256.0419496094,-26692.00642757,1.549
33710.284168139,12687.8699117377,1.563
33763.7490987631,87102.8341470871,1.597
34272.5941717532,200837.205925077,1.569
34577.1689189508,212381.127811969,1.549
35025.1584233937,187876.762045565,1.562
35074.6806320106,187023.959185964,1.579
35167.5653973504,188811.505893123,1.546
35782.99311892,53225.1736870082,1.557
36072.8812787082,-19458.3564879529,1.589
36195.0321682286,2424.08725434955,1.579
36759.5419688036,10664.8173592197,1.567
36878.8522039928,11820.3221530074,1.563
36924.2737705507,-4573.34425431368,1.574
36981.986947999,64634.3188084573,1.599
37129.898159686,10766.0155841965,1.568
37559.0280281741,178704.190493832,1.579
37715.6518245896,89983.8803853406,1.524
37903.1744840795,-40423.5794884049,1.599
37940.0018683554,64023.7449678268,1.589
38242.1502436073,-29252.5353860295,1.564
38404.1455623218,-29145.2551844808,1.579
38726.9974698637,193586.141715051,1.579
38955.0817706701,-28942.565331706,1.564
39076.4608878595,-30268.2640034299,1.564
39559.3783635679,193968.001961108,1.567
40107.3022670634,-28957.4509095641,1.579
40933.7662042712,259036.961822317,1.475
40944.0414273542,229320.838593653,1.489
41577.8132541229,197835.261010298,1.569
41788.3503005257,198022.707971739,1.577
41884.8643385613,-6765.1318829502,1.544
42013.1478827983,197373.831215807,1.535
42492.3535432511,-27644.1390147569,1.589
42634.7921190891,221787.674121129,1.514
42841.1062929894,221758.931330112,1.518
43348.9217163137,221159.855488074,1.514
43609.6676718916,216134.42368352,1.509
43749.9801863092,139045.343164924,1.529
43781.4173359188,-16012.4452472591,1.569
43850.9707240532,260935.035280317,1.499
43968.7655541022,228078.029576546,1.499
44058.3121161952,-29047.9398239018,1.599
44687.3414143631,222195.302785958,1.514
44709.735627102,260610.626523656,1.475
44857.6967670289,139434.217550786,1.529
44873.2862010355,260490.267939235,1.509
44950.1008528912,209715.343488331,1.559
45165.3050079247,-35204.3988877255,1.589
45177.8504833701,-34327.5559460566,1.594
45366.1431927172,-11211.3673954063,1.551
45540.8696014957,-33584.3283098522,1.559
45555.3260173574,-28962.8908249217,1.589
46039.2460557066,-32917.9023922762,1.589
46099.3430065581,231093.449547162,1.494
46365.5309713789,-31909.7910849004,1.594
47204.428240158,225449.391691947,1.499
47328.4087355299,23871.1864589,1.524
47514.5578273059,220218.25262188,1.499
47703.2963590993,204991.173914402,1.544
47788.4361215074,183832.73382614,1.529
47871.7870681045,250775.135141082,1.499
47877.2785199697,-32627.0851466095,1.589
47919.9004537099,111016.360303731,1.529
47967.7795012741,-19445.9235360007,1.559
48089.9264119044,182847.250499249,1.529
48263.3299892607,264900.810582644,1.509
48423.7150860835,264347.16953268,1.494
48441.5642870861,-19042.0491396478,1.549
49205.0988265156,-27866.2668577366,1.594
49379.3241955271,-4376.7385612459,1.555
49477.6050268803,-27577.4663791019,1.599
49503.5778014103,137838.510566121,1.524
49747.5588661951,-34178.2433039435,1.589
49749.0658120103,208521.777853085,1.554
49988.3278381493,261600.010054599,1.509
50153.5727506412,211740.725394504,1.549
50373.170147519,208688.311222388,1.544
50379.1510983011,208310.114753742,1.543
50396.2185047066,6952.27052889409,1.478
50424.3440250944,206380.539246872,1.549
50429.7375004425,-15406.8512059795,1.544
50506.1225329803,-32093.124130491,1.579
50538.4571866689,205986.820629387,1.544
50556.4589671236,52692.6987922394,1.537
51012.7563275986,217663.127314973,1.514
51193.5628375036,-17425.0347788824,1.549
51283.1627563304,209279.703938352,1.554
51419.9849029913,236522.243484878,1.494
51571.5843242467,240828.569753352,1.489
51780.1432579205,-7921.38958599424,1.433
51866.0871715914,221219.664556337,1.498
52306.5955129642,-25015.4415676922,1.589
52502.7421180332,-29582.7545421743,1.539
52562.0204595812,206281.842254527,1.529
52572.62420204,89660.4253766633,1.52
52603.9259489718,-1288.52489933354,1.498
52670.2102673454,-9003.25255513762,1.549
52703.2988969891,-24400.4172157734,1.509
53042.2010934798,-32796.0793743219,1.539
53153.8452420606,208770.524248721,1.554
53509.664755311,-9715.71183939034,1.546
53546.0204135692,230284.518990795,1.479
53776.9986186972,-29063.869297918,1.574
53983.5157489954,229501.964691841,1.498
54360.3660558404,118467.346390758,1.539
54426.5330011421,229595.084269974,1.489
54592.053172499,211577.278896042,1.549
54733.6514603061,229678.342121847,1.489
54806.254346295,240605.418946748,1.509
55067.1763785728,208849.756237026,1.553
55087.9884147588,208683.951530059,1.549
55241.0664267559,225089.855000431,1.489
55299.9263425124,23684.9595672055,1.524
55453.8460752449,5190.95219240343,1.494
55588.8992193543,-24878.1054019373,1.594
55632.8187261424,22843.5465007886,1.554
55685.0035361346,228390.125121745,1.488
55834.0711766848,81383.2951945177,1.534
55904.5240658257,159945.722745143,1.58
55908.0546682742,81810.0940139324,1.569
56077.7634280334,58631.1320573351,1.549
56092.1142145435,50346.2406425097,1.512
56559.9088760645,260103.044128631,1.499
56599.9156927972,50481.5170108714,1.512
56738.7597639956,237430.225021082,1.489
56920.6864863475,50247.9861061875,1.517
57027.9541020073,37088.2606892549,1.509
57092.6918506015,58054.7165088213,1.495
57265.0756031674,202028.547409615,1.509
57289.6683929725,23401.5247466775,1.529
57332.3421007271,8794.5711584519,1.475
57396.688337937,37509.4319100723,1.539
57676.5102932859,49882.2424201612,1.509
58032.993881099,252934.451176855,1.509
58061.1912206034,24610.8141963872,1.524
58158.6424512269,218405.081294095,1.489
58177.0891214993,191986.556192202,1.539
58297.8710207574,253401.08574661,1.537
58311.2591111756,33571.9076378786,1.508
58843.9714008957,5790.34288835537,1.499
59353.6487813416,26194.2910730327,1.513
59539.139186807,209000.519151603,1.554
59551.7811779691,-17791.4415055689,1.569
59561.1644682037,206668.636406265,1.549
59853.1258011258,223163.440671275,1.539
59867.6711353113,24928.0325488954,1.524
59870.9685352257,24830.4261221204,1.529
59897.9822857679,238764.121871615,1.498
60033.5032087624,263260.848246692,1.509
60232.0051985397,3559.11949608813,1.499
60399.0763064618,3129.84964017564,1.524
60560.5188764707,121319.806346019,1.529
60593.807598649,47197.6441405455,1.512
60688.7770849415,260873.345456144,1.524
60714.999075451,24084.1019179356,1.539
60776.3671955769,71622.0750851029,1.534
60897.0806935077,24778.793697511,1.529
60986.9808846032,-37957.5853815026,1.569
61010.0487270358,-27813.4737977035,1.569
61067.9755892029,-27680.0335004412,1.569
61212.26418409,22574.3857567533,1.554
61630.1475692305,25250.58034257,1.509
61712.3935933296,238698.33174866,1.489
61911.0800615203,10471.5486991941,1.509
62306.2228169562,209249.806942372,1.549
62780.2369468259,101012.514496964,1.53
62862.729177821,219012.773293749,1.534
63149.0201447635,21009.923513139,1.524
63282.4365985057,-16392.8907747741,1.569
63322.1316082256,-38239.361341926,1.559
63340.7715732965,152549.836481919,1.497
63363.4481577848,99915.5268606358,1.525
63409.2593482644,67309.2982993293,1.549
63416.8912574671,-16287.6782160935,1.559
63628.4562877947,242107.092814588,1.509
63756.6328406186,204619.240787431,1.556
63885.6535173675,59692.9733916946,1.476
64111.7431431079,144041.288864233,1.496
64454.3712702202,205381.06917172,1.553
64707.5684854509,-15581.6381522219,1.554
65098.5649739132,33171.2109425305,1.509
65468.3014083077,27278.4431152429,1.513
65769.7752531545,226394.528614276,1.538
66053.8071944441,255416.486208604,1.509
66178.6521609443,18211.3084408383,1.518
66362.6246969421,97033.1214247542,1.53
66391.7881460706,87791.3368305455,1.529
66518.0178179821,-1090.27680012339,1.529
66602.0890929328,27486.9197036721,1.509
66631.3656206896,-37342.9557506433,1.559
66748.7852255225,197103.28862865,1.549
66786.0127605376,-4617.78513919143,1.509
66877.0425721898,206468.946626143,1.539
67238.1726860471,-7397.5171106403,1.516
67319.7155549038,128893.06866848,1.529
67381.8933251745,61274.4221998032,1.549
67506.4245544781,212876.050115606,1.538
67688.3649126893,253521.114005154,1.534
67816.393356649,12441.0911078323,1.524
67834.8473260368,-42938.8651387015,1.559
67866.0356336049,12398.9781754555,1.518
68181.9116202194,219653.952663792,1.549
68261.1230082255,246050.028152578,1.537
68307.6093841553,11083.6274931706,1.518
68341.5986058074,35376.6113177719,1.509
68376.8454854661,60010.6270230904,1.495
68492.264510361,15477.2285293669,1.518
68610.0048880954,205842.045600857,1.539
68640.2424317065,220334.423413715,1.548
68648.3311473053,16247.6424618769,1.523
68806.5451984583,34608.7281529465,1.509
69114.0150947837,-20326.978599299,1.549
69158.3379347264,34652.1680397404,1.509
69430.2444163382,210865.164660991,1.538
69511.7330881453,206410.439120397,1.543
69512.2572196515,-44244.2600918612,1.559
69871.6813145859,193555.442850568,1.538
69873.3408531523,252403.698727258,1.559
69904.0808015412,20101.4090821822,1.518
69984.1279798258,-15555.5783832812,1.549
70130.9510721307,206350.539437207,1.539
70265.8608720964,211395.361468255,1.538
70358.5400717313,211223.892675155,1.489
70495.1904427863,25079.9531724419,1.508
70723.8857916681,211566.568287807,1.538
70905.5276913209,252525.839947327,1.537
71023.7850567415,4164.5063968086,1.509
71161.2202072425,126950.478259418,1.497
71188.0872532501,46248.878639576,1.499
71394.245436299,210070.761899728,1.538
71721.3493163666,206869.859645772,1.544
71866.1417546637,253596.192143747,1.534
71923.697306489,253171.94153274,1.537
71946.9751611,212215.090306415,1.559
72106.0536446864,159698.327161458,1.478
72124.122697854,97949.4583207123,1.534
72125.624917781,126652.113874423,1.497
72186.5206347022,61174.2151943329,1.509
72362.4828622492,103131.458438826,1.509
72474.5922657737,-34769.5667696043,1.478
72634.4533443938,207069.32181595,1.564
72689.9996245534,6169.81033389113,1.508
72723.7699581509,56129.8681937953,1.495
72757.4352116919,264858.340554603,1.549
72794.0739718325,72022.8213909221,1.529
73112.9715092885,63469.8342034474,1.495
73149.7677721748,147610.936118039,1.522
73230.2820310238,98618.6449445378,1.529
73249.5317042245,72573.5023870362,1.534
73365.6313731823,22690.6760032158,1.508
73392.9730101556,87885.5412609082,1.544
73433.583936188,69503.3975155238,1.524
73503.1865506558,22866.0177835799,1.518
73551.949252278,211962.627663422,1.559
73570.3708033897,75748.4788886898,1.549
73594.3651183472,208908.364611818,1.538
73656.2275301653,63950.65747049,1.529
73675.2864854714,65433.9412626962,1.495
73717.6887046716,-46610.936066423,1.559
73784.8107506829,99482.671290632,1.521
73857.3250066535,23145.4696808303,1.509
73944.4363703894,210166.938589943,1.559
73960.208729871,116960.809828096,1.525
73994.689774911,125852.932221689,1.509
74091.741252611,71572.4874596762,1.547
74138.743543156,49871.7195395128,1.519
74570.4493828097,24245.2906015113,1.508
74621.140335176,66059.137692657,1.529
74664.8977095821,211972.277843923,1.559
74681.0562573955,173218.849046383,1.509
74899.5020744516,74138.1611292149,1.519
75017.0480643717,71953.9877485296,1.524
75080.3720880338,-46205.2107347507,1.569
75131.7374821809,172022.486649207,1.579
75378.1148402799,211109.380825368,1.543
75440.5412157648,55105.1548579817,1.495
75469.6527044143,165241.539467996,1.518
75554.8963877974,160548.615298071,1.478
75677.2652239696,250005.643669266,1.534
75839.8432093541,2764.93384744105,1.504
75955.0492220961,160580.139359309,1.478
75981.1396200997,226184.244350603,1.549
76105.4411732423,246861.774971846,1.542
76108.7176824521,160700.902201071,1.478
76126.182592582,246925.72413156,1.559
76132.5537011455,72035.4685260105,1.529
76164.94858744,248104.069655777,1.559
76258.5528255232,-34603.3266304356,1.514
76349.9119846222,217972.248595361,1.548
76352.7612299405,-20644.2901943269,1.549
76493.5184224359,44456.915251233,1.509
76542.7330498415,125475.216441813,1.494
76587.2383459026,226525.091314614,1.538
76727.4498239817,44069.4135497208,1.504
76766.2626237078,77599.5167003167,1.534
76781.3695456664,160213.719071654,1.487
76893.4129687602,124942.320360177,1.498
76919.6926594083,-46793.1550408654,1.559
76943.9676184665,40519.8213198329,1.504
77077.828207203,37712.8638161146,1.504
77092.9438649809,131203.744762646,1.509
77378.1700487773,119088.579363505,1.477
77485.1827886238,119383.290879195,1.498
77513.067200214,212449.193039812,1.534
77614.5106164767,150246.976337314,1.517
77624.2672825621,125296.663386873,1.497
77742.4890063445,31196.7641761964,1.508
77752.7159288197,72397.30030632,1.524
78041.830078118,-34511.2957743798,1.569
78101.2215940047,196087.419742178,1.564
78267.2049640773,100308.462759194,1.539
78344.2323336854,109839.755917958,1.521
78816.1016569398,32579.3819866292,1.505
79238.0413956813,205570.2844166,1.469
79332.6142041555,23196.9691903504,1.509
79406.6802990019,230250.143249463,1.529
79435.5589334873,109749.240880351,1.499
79501.5723184329,-36229.5417675887,1.569
79850.1059702638,12507.4463990813,1.518
79862.3564871574,-22531.9892386227,1.549
80156.5798911281,-22699.3995637875,1.549
80396.7907087868,233297.33053859,1.569
80480.9961830304,101906.743475726,1.493
80722.6336631852,223619.936155353,1.522
80735.2753151812,82538.6066268872,1.549
80769.8745061673,-22613.0190219441,1.544
80972.7459977799,102726.393318215,1.497
81355.5616945401,145164.744952836,1.528
81402.7733051933,222444.170886235,1.522
81478.4605218874,145069.674731648,1.528
81670.3616054454,159719.13541559,1.478
81745.9008757382,153692.567067572,1.522
81929.5046429552,105253.58746526,1.488
82015.4065907805,211500.315666626,1.474
82040.0203090038,94897.6541308968,1.555
82143.6644018575,47523.880979243,1.495
82164.7919251394,105428.49551457,1.519
82221.3382545116,212243.416763795,1.478
82338.209149791,100565.566476617,1.499
82435.2103798973,106193.512696899,1.521
82608.937691904,180589.956891074,1.499
82680.0737570121,-43037.0087748721,1.569
82728.7812365729,139739.005542395,1.539
82741.3617175607,105517.078830562,1.494
82861.6871090393,106729.949289041,1.492
82959.9896566329,36413.1997911357,1.497
83015.4352018904,56949.552924898,1.495
83150.9789483793,104736.143108017,1.493
83163.6684364061,20311.0519742374,1.495
83574.6468188316,37318.8183918606,1.501
83581.5044489342,126052.893624888,1.498
83592.1001456797,220619.689696592,1.529
83625.7925938856,112959.651736576,1.494
83626.845484123,160263.049470337,1.486
83649.2186101565,20624.4745177352,1.495
83751.361726898,210655.100706795,1.479
83823.7824353114,210674.789851753,1.489
83830.0195070803,-32755.6576997989,1.519
83998.2342246829,212502.795331423,1.469
84014.8221478026,-3627.42232775618,1.549
84239.3590554797,38407.1566423758,1.502
84419.4530911347,-45926.0763284776,1.569
84447.513861429,57521.3461385079,1.495
84626.8360314978,38590.5559175508,1.502
84812.818992867,212933.676749145,1.469
84837.6545557393,75125.2164549097,1.507
84844.3069250862,-18990.4773823263,1.549
85025.673069381,268280.050050556,1.524
85031.145924146,88268.0198581828,1.519
85099.9061011097,53834.1247316638,1.485
85209.8930563728,13331.8153565254,1.499
85368.2555673405,218954.226707843,1.529
85418.5855505493,52289.4272313849,1.495
85421.9636957573,135895.655746913,1.538
85688.5905818373,224083.184161202,1.527
85748.7609109695,223112.834602405,1.527
85755.7227488062,117257.536560392,1.498
85834.9114616879,249615.915357524,1.528
85844.9185413233,135930.927315108,1.528
85932.0839682417,39038.853911189,1.502
86104.198511196,43935.520092279,1.507
86646.9449098899,234137.078814553,1.522
86676.425581288,43708.8216723113,1.502
86686.213032508,182655.833606396,1.504
86689.5023605322,233877.615228964,1.547
86837.798958715,65743.6846296372,1.562
86848.0854593636,224502.665489455,1.526
86875.0229049373,43080.3562807052,1.501
86930.1415282084,231149.733718751,1.589
86947.0086933396,123372.408773961,1.538
87069.2726940511,203745.948854286,1.478
87109.3889470166,42348.8458796039,1.502
87197.9366882549,122750.611501316,1.49
87214.6254138133,-8028.83898898418,1.534
87338.759373349,221922.170249861,1.529
87376.7423189199,204464.05581047,1.509
87447.2919456774,122743.657762458,1.498
87485.6467688274,208455.955506918,1.473
87540.2624116151,145602.897553452,1.539
87727.641676848,122247.192129698,1.499
87978.8499125122,-30069.3754020061,1.544
88255.3765392149,45141.0868233775,1.506
88267.5746883611,18056.1643111354,1.494
88271.8626037296,121287.136487414,1.485
88284.9425401823,225530.275177338,1.527
88349.5901259992,-11964.2367678147,1.549
88356.1275932856,225395.582782144,1.522
88389.3255552588,41886.7491680486,1.502
88392.9600583296,165793.973742544,1.505
88425.8544745232,182053.207404372,1.504
88435.5124324221,225268.230922843,1.539
88456.7141068041,-24078.0218723856,1.544
88480.8506448353,121235.562444128,1.485
88570.9468821154,121138.328020648,1.495
88703.5307205769,42348.4125905276,1.502
88985.5289713802,21135.180056711,1.479
89031.5928302662,121154.197229872,1.495
89103.3119110823,265251.098494212,1.526
89131.5319250022,13927.5932608111,1.499
89245.640457214,79124.1050259333,1.504
89257.0890973958,223630.249649204,1.522
89419.9715452266,47787.9219957258,1.501
89476.722790794,47906.298269212,1.506
89486.0565140415,-13274.8558890069,1.549
89630.3813427192,181075.31632485,1.499
89643.4671325286,49504.4432568511,1.519
89751.846912496,257657.367411068,1.527
89834.0337532684,257735.798780695,1.522
89875.1334250497,160735.306113719,1.502
89893.9757197223,258033.484150896,1.527
89896.8094915678,257897.425927251,1.539
90002.5587050177,-24283.7688453703,1.549
90317.4899854563,212809.108934753,1.503
90366.1446967065,1966.81731288356,1.543
90472.6503744369,59189.9395185845,1.562
90528.3739179166,160477.420624963,1.532
90590.6237274662,107577.204736072,1.521
90648.0562774072,79608.0789012298,1.504
90674.7481891719,121962.522047332,1.529
90868.5695175007,25898.87920556,1.499
90923.729917341,219715.143508531,1.524
90957.9001875267,2049.79592463438,1.543
91094.9836245751,219732.991923192,1.524
91107.7910519218,58823.4086753693,1.564
91111.5695040007,721.051234045706,1.543
91123.1694131643,189029.394068111,1.49
91140.6381611199,219677.896333662,1.528
91179.5516539204,16662.3830566118,1.499
91249.4178843535,38856.2317941519,1.507
91373.5734713788,193721.294004433,1.563
91413.8429826113,-7814.5279693128,1.539
91429.9234889438,160699.258155669,1.502
91435.1268176999,160649.279827684,1.523
91515.8549459972,223342.995955932,1.527
91550.7657852548,89644.5577925161,1.515
91551.5821605441,218054.448046759,1.543
91633.3095334805,160725.030917611,1.507
91664.6450187396,2028.00255226553,1.553
91698.8992521972,223211.124644923,1.524
91769.076577398,2224.46838124515,1.543
91842.0594257927,149101.034906288,1.529
91967.7927955221,131198.193939651,1.528
92205.2864362272,2992.54055611073,1.543
92232.5701575109,61086.7305322675,1.567
92246.8113947631,150706.862071168,1.529
92250.1605774216,2862.57735597849,1.543
92261.5257826062,95908.7414448656,1.477
92351.8778409288,61060.8355085839,1.564
92375.5658027074,70355.9898143667,1.499
92620.0354615345,181276.586275095,1.499
92693.7379436038,160910.871337827,1.507
92701.075075734,74880.1278104521,1.509
92708.4215555525,74482.2867270302,1.509
92764.7105227935,48668.401348891,1.528
92861.2153478526,20597.7361714445,1.499
92890.8488037906,211130.888920081,1.573
92896.6096870322,71999.1163323838,1.504
92909.2680538308,170775.983301221,1.509
92910.692879853,55002.8827036718,1.519
92980.924733046,34126.6017567517,1.508
93026.3020111728,219283.725447246,1.524
93138.2336993997,77958.4041115436,1.497
93144.7750749433,74783.2792811872,1.488
93178.2610204787,181891.113051038,1.509
93207.8999945006,77674.9547669173,1.499
93364.3818479807,212456.158291372,1.544
93370.2260259857,143005.378848034,1.528
93377.4221331622,29067.3297987793,1.508
93395.0947314116,210613.498843836,1.549
93429.3921073258,199576.422904002,1.433
93433.9292645485,210981.70916811,1.563
93454.3015305171,28823.6317979569,1.513
93480.5495239241,42532.5963122197,1.516
93531.385202346,34935.7056627733,1.507
93574.5243250486,181540.562179486,1.494
93597.6502468975,162398.837627271,1.502
93605.67212864,233381.637762036,1.599
93703.1327452984,56226.262376187,1.522
93886.19358124,69688.7082816053,1.504
93935.2563290984,131200.975198895,1.539
93953.9068971877,103597.586830546,1.529
94052.2792819197,27251.0953786404,1.519
94128.734012861,36356.6854041317,1.507
94149.0677811012,113546.439211866,1.519
94182.165699176,23495.8199030097,1.508
94235.7251609431,140709.449478784,1.536
94308.149416321,161094.31662287,1.502
94414.6679063801,92598.7788828201,1.498
94421.841678489,79723.1093467175,1.489
94669.6799139851,-7970.46229492681,1.543
94699.1802173468,207196.500354623,1.553
94749.7809252658,37252.9156520999,1.507
94816.4425320887,203369.881045008,1.554
94845.1059991232,202590.963188151,1.553
95128.5576510514,-30467.1469409928,1.549
95238.6099050438,140235.447666913,1.536
95310.6825457052,-30204.7294879316,1.544
95329.9161858769,161554.631618501,1.507
95389.5308657103,79662.2618029782,1.499
95399.2525136928,62076.9975581978,1.539
95446.2342148752,79878.9947387948,1.492
95494.2726313888,86920.4936900344,1.518
95529.1057471455,56990.9798548807,1.523
95557.7049076048,139306.485903005,1.536
95649.0931612786,60980.2327855227,1.514
95698.0323288852,65298.896190246,1.509
95778.9472414498,212095.134041714,1.579
95824.3383107936,80101.1533211644,1.492
95949.238474349,-30277.5633060361,1.549
96039.4439185096,164970.243352606,1.543
96057.4236532652,229458.531072513,1.589
96098.2918738512,58363.0225788197,1.522
96156.6733770095,-200.799025583954,1.553
96175.9919966908,62307.8480281582,1.539
96235.6422184696,201284.361778623,1.554
96258.7544956724,213102.644025692,1.547
96424.0790997955,-31108.0492029125,1.479
96451.1317405187,64422.398843916,1.546
96707.6928299448,87042.9929694912,1.488
96752.4243623225,227219.317630477,1.584
96784.0223013328,-30151.5331993647,1.549
96862.7694406069,86288.0378352839,1.487
96871.4508688714,59254.6474407213,1.522
97041.9033848064,-29994.2532932449,1.544
97132.7770348431,212422.468902323,1.607
97181.5724039415,36025.6060806388,1.507
97403.0436566931,-2823.11919843941,1.549
97711.9106632636,8193.76819083554,1.553
97927.6320427652,214656.718716442,1.549
98062.1145803193,-14304.7736679485,1.549
98244.538136425,183415.836450456,1.489
98415.0989566141,74058.1551378037,1.507
98531.9367228146,217965.300067959,1.553
98733.84914586,73968.6560145018,1.507
99110.491916346,178631.156777877,1.494
99209.7670114123,223110.643272368,1.574
99274.9236182363,83264.6220648047,1.519
99578.3860542766,110960.030294347,1.459
99630.0745315583,212373.976540875,1.624
99807.5208984705,190263.521006896,1.475
99835.9097245283,31494.087224904,1.549
99861.5212091692,222627.072184556,1.604
99876.3745439927,174067.857015282,1.509
99881.8263220856,21471.6560130351,1.514
100202.401618113,111337.881146778,1.508
100340.023098781,46037.7563355167,1.554
100491.126074434,165582.008916606,1.503
100563.517556115,50079.7376003438,1.559
100707.637242239,220477.856901613,1.559
100761.806218966,160233.428331892,1.518
101381.08235572,219361.040950437,1.559
101490.969484989,219382.686905058,1.569
101655.233322295,41512.0538728216,1.559
101864.403796819,42596.208122974,1.569
101875.545381183,41439.8262771054,1.549
101897.71658064,244693.866781604,1.529
102001.157037247,223026.763009324,1.589
102046.396027884,222923.466913142,1.569
102116.889203025,218753.231952603,1.494
102317.586899839,223085.389508823,1.56
102552.302832569,134052.83698884,1.536
102556.108284509,41921.2414185278,1.559
102570.17919506,183542.299435865,1.476
102668.164866349,64437.1129390078,1.507
102670.138919827,12922.6042554854,1.499
102916.709934871,-9687.16047923197,1.549
103138.81242228,57328.864729823,1.526
103196.026675356,58254.5820523825,1.521
103292.158132932,4136.84593417734,1.549
103340.127541112,-2255.25970890385,1.546
103547.393497009,34310.6535079149,1.569
103571.347317109,-9484.74662234203,1.549
103591.533089043,12680.4098636174,1.499
103594.497597348,62730.7068274036,1.578
103810.851857986,34331.4402988617,1.538
104194.617922739,61722.9567801908,1.569
104288.800517531,54712.1394801174,1.548
104376.894779567,217211.547077455,1.563
104548.599137757,228033.654333733,1.564
104903.369281684,62879.579340214,1.576
104927.659309201,62931.8707515589,1.563
104929.477897104,-7269.14019578899,1.544
104994.742098364,129165.165228709,1.546
105041.735433057,180598.728697902,1.519
105050.393198086,64179.8371153219,1.568
105055.716727002,161260.700647508,1.509
105062.895721553,29621.7010976326,1.549
105529.803843269,85013.2215706426,1.54
105662.794916412,200017.34574785,1.479
105708.5936163,53955.3845360042,1.526
105784.53246504,23417.1518362685,1.507
105894.114729243,230116.680177187,1.574
105914.852578723,53429.2606723911,1.543
105930.742027966,112994.713588534,1.498
106115.267631456,189731.5640678,1.467
106465.282877087,230901.39672577,1.564
106622.618842816,70965.4314511627,1.545
106761.155437635,231480.486875856,1.569
106762.810306022,1452.28499786794,1.531
106889.524876512,72945.7047487249,1.525
106898.705243376,44506.7666887332,1.549
106916.403672915,190208.399339534,1.473
106952.833059979,-3977.00195855671,1.546
107060.053398211,51755.3825354377,1.565
107064.040075889,194982.719022038,1.499
107086.799083755,13343.4730365243,1.499
107181.246687084,194711.473346338,1.471
107266.894338421,220517.818075443,1.569
107341.43483421,190481.309115256,1.468
107371.718841688,190559.119103373,1.483
107482.436913959,89809.9366262524,1.53
108082.619071923,192899.555979016,1.476
108211.44890557,234987.004233135,1.599
108362.049286095,184248.91738612,1.479
108448.843300533,193361.416257397,1.477
108547.537738414,75727.5589690756,1.54
108632.966479063,58106.574784666,1.549
108725.56587932,41081.8718902256,1.569
108988.510772459,236810.873820457,1.569
109133.72418505,183070.285568549,1.476
109399.44660146,214127.179842694,1.572
109500.221739397,65663.8800857012,1.438
109665.558347983,160414.00155643,1.518
109896.40008173,213693.118798649,1.569
109964.103228921,12977.7921716765,1.427
109986.607492117,65873.3321634321,1.525
109986.864958998,213630.277854974,1.547
110087.024353888,213544.811957421,1.562
110095.508038354,222693.502588536,1.579
110420.535092273,222956.651251138,1.579
110566.596263942,215701.901217791,1.559
110582.234560603,241586.951062931,1.569
110664.509767324,146373.994171182,1.529
110667.533669356,54617.9620340946,1.548
110758.894274192,241243.604187796,1.564
111163.659944663,242713.634232708,1.599
111163.731322976,223560.227187655,1.549
112021.725087743,21741.8511355568,1.558
112119.382555768,211786.053388964,1.549
112349.504796968,211482.876102121,1.544
112445.435869693,159549.142592936,1.499
112756.547496943,192403.973727206,1.539
112871.228144212,224865.29124567,1.549
112928.70036303,232931.944556785,1.539
112965.19516028,101659.348583176,1.529
113033.688961304,17496.2102684196,1.426
113119.337131543,214707.812526496,1.549
113265.74547346,214896.345235642,1.529
113340.162841996,24054.005130714,1.589
113600.494805986,34204.99191282,1.599
113731.169892724,6215.61521068838,1.56
114218.659714995,71384.0410615199,1.525
114613.848884378,-1450.77122823516,1.579
114622.437843246,156404.341682559,1.504
114908.807919348,203053.030239501,1.539
114943.414772145,226167.937551753,1.579
114958.767440565,204537.793659757,1.519
114973.657681347,205565.029973493,1.524
115054.045908379,85437.2720950485,1.555
115108.512352081,205111.76426661,1.509
115118.894356673,201817.414362566,1.519
115141.629799228,206045.491084404,1.539
115195.590858602,205528.958464762,1.464
115329.954421304,157776.0905286,1.529
115621.66761061,162819.575100983,1.509
115685.251998493,158958.175256794,1.504
115685.821171175,162759.663869338,1.504
115850.941755719,161720.062089055,1.519
115882.934972923,136512.579012542,1.539
116080.150321289,187076.742916227,1.519
116211.986960429,76043.3316796915,1.525
116217.423193309,62086.6592150559,1.559
116334.657087444,249714.628898407,1.564
116363.787232821,159333.519682132,1.509
116508.846880848,242970.406303897,1.528
116540.612190749,43448.7605542495,1.619
116653.362431612,159741.443427898,1.514
116839.38029721,-889.371169452381,1.56
116925.286819394,130396.765903168,1.559
116973.126074398,171287.641484041,1.519
117229.841890024,97982.7162521183,1.53
117367.590305434,48944.215775592,1.549
117641.62905747,35728.2998622503,1.529
117657.457625165,239715.344196534,1.564
117659.274593709,80045.872443543,1.525
117685.122003387,98056.9571540387,1.535
117701.11244092,79895.9560046776,1.524
117970.666625877,236097.684779357,1.468
118147.273343101,-1441.70419037237,1.565
118290.937185862,90560.6683144275,1.53
118447.9205887,168947.738881296,1.52
118465.142909748,180628.093777112,1.519
118780.061694755,160127.438998771,1.514
119108.127442221,180937.759314072,1.524
119444.110293023,141746.641218811,1.525
119474.842241793,224706.590766483,1.569
119851.145623289,201090.286454034,1.539
119855.31150897,65942.7792913861,1.525
120775.803310291,7762.44420902734,1.567
120795.720512301,111741.160164241,1.559
121404.345396333,80687.4932777471,1.586
121735.411642867,7855.87385210488,1.579
121856.872646837,167777.623566204,1.519
121967.232418098,8566.16473576095,1.579
122024.601298691,93896.079778694,1.557
122321.358475745,167593.771201522,1.539
122766.587794199,70681.3832558449,1.586
123038.912518868,164810.96613523,1.549
123492.617188681,210118.549365412,1.539
123661.482369375,165715.097581673,1.504
123821.757523009,76172.0121351116,1.586
123929.363968914,20672.3421610835,1.528
124111.322520828,45847.7730051122,1.549
124177.49366788,66948.6137775391,1.539
124191.671086283,110540.482886097,1.559
124193.033381061,77375.7628578419,1.58
124293.809044924,31279.9889971984,1.559
124618.093772887,186312.598105581,1.539
124813.35665412,146262.428383419,1.529
125002.134196812,77365.7219622841,1.58
125411.573525712,61986.0061022763,1.569
125619.17800611,231549.012562779,1.509
125846.487533175,250741.710349897,1.564
125925.118201266,77312.6694834002,1.581
125992.703836585,246298.062008792,1.539
125997.576323105,77450.3140332025,1.586
126160.929254202,2560.06610342494,1.564
126492.468750195,22234.6403732915,1.557
126730.681004033,231799.041626497,1.589
126851.401702231,205375.008864002,1.539
126971.498281533,62403.8477366654,1.559
127021.573157835,21594.4620713227,1.569
127250.148733225,151731.818595149,1.544
127777.550577757,149983.541130635,1.559
128057.573662909,99302.0947843705,1.559
128308.223108168,226101.160602841,1.549
128406.598739656,9398.64736631053,1.539
128513.481495662,14667.4766116361,1.519
128609.508283202,148042.710481516,1.547
129110.273671855,68730.0350301514,1.567
129148.754806949,140442.078700168,1.494
129377.840215434,23380.3712439826,1.559
129892.768960503,56233.8896412366,1.549
130101.266278797,181968.785335459,1.519
130774.597623617,39649.1040049596,1.559
130932.777401305,215645.468418515,1.519
130994.914075448,215800.867451309,1.519
131413.375881114,115117.010576558,1.559
131450.231129252,86933.6184584119,1.557
131910.317437904,244338.028810663,1.549
131947.646785106,223198.512128423,1.549
132288.936287734,43925.3980541282,1.575
132490.201984363,39404.5516633614,1.545
132678.495786308,3487.00157625269,1.529
132926.878548305,110815.032228806,1.559
133015.257052585,105557.806428737,1.559
133966.211206719,253885.664507562,1.549
133979.23739541,193116.429902131,1.544
134306.431974075,244613.487222972,1.549
134391.244085284,193120.797782139,1.544
134862.318385961,138374.740577811,1.547
135154.731388614,28212.9127534833,1.559
135370.878511904,229113.668924972,1.598
135405.330232011,229069.765248759,1.591
135425.806254818,230242.240760087,1.591
135940.303966409,234591.648109895,1.588
136376.769145784,201904.495934727,1.539
136419.069414606,127827.71972922,1.542
136716.67181741,127495.011162769,1.547
136960.360898122,127043.792794148,1.543
136982.217256775,126947.447857101,1.542
137205.228152343,205659.644935225,1.479
137209.24615404,31629.2377497065,1.559
137585.387604643,125767.865207408,1.547
137600.543894321,168579.210742262,1.539
140135.362108253,248321.570272857,1.569
141098.346955484,248278.191135611,1.549
141503.093325273,174081.442863339,1.499
141615.893475583,146611.625492817,1.539
141790.214420995,165790.751140131,1.548
141812.020607677,174025.270082709,1.539
143103.115969711,208091.729543219,1.499
143248.869427955,190940.94525084,1.518
143737.710101629,33255.1212627548,1.559
144206.595666758,161891.497021767,1.543
144430.602354357,160863.96700887,1.549
144622.847730296,160599.727293917,1.549
144645.250086747,160401.425814529,1.547
144846.152875463,240521.329844645,1.559
145134.829910091,179332.325802151,1.539
145678.978971552,156746.608528742,1.548
146534.129592803,233638.788243087,1.569
146662.56741892,233594.484517584,1.589
146929.245813711,106385.98029654,1.559
147387.337254484,106078.536756038,1.559
147547.626049433,137931.854455111,1.559
147559.140922056,167542.360790607,1.549
147749.051233045,223221.645737761,1.559
148959.572113293,177123.377435058,1.514
150047.085069045,26687.8855227572,1.559
150245.086643935,194688.591891639,1.499
150286.543248631,106960.439564755,1.559
150569.589017818,251486.125180719,1.559
150662.725247979,142928.332302265,1.559
151091.608871238,238416.350809368,1.559
151245.827345778,107468.031401367,1.559
151919.962039347,214975.067047296,1.549
152123.031696269,215090.830678042,1.504
152391.364013468,216198.023704152,1.559
152427.70236452,133240.199273938,1.559
152673.274657774,154508.870374253,1.559
153795.857444844,126342.157195502,1.559
154049.850641839,127737.531369875,1.559
154090.076922441,111259.75653642,1.559
154263.845433924,112037.399334774,1.559
154456.880978541,111970.427960613,1.559
154917.434998553,113296.655874215,1.559
155602.080909204,183958.702499679,1.539
156927.955259818,223798.08931396,1.518
157335.682168627,229422.247710678,1.528
157635.120234379,117986.923216228,1.559
157635.208830486,118441.736594304,1.559
158486.737083209,172304.191185186,1.539
162373.858266609,159700.971469665,1.539
162990.661080009,165903.474981171,1.543
165377.950807523,122034.290481173,1.559
166374.26597046,158910.329940139,1.539
168095.245705234,143014.30256806,1.559
171500.340445418,120792.40343303,1.559
171515.214138102,136586.030245604,1.559
174316.33743722,116203.643822909,1.559
